insert into Wallet (Balance, DateCreated) values (100000, '6/27/2018');
insert into Wallet (Balance, DateCreated) values (100000, '5/11/2018');
insert into Wallet (Balance, DateCreated) values (100000, '7/5/2018');
insert into Wallet (Balance, DateCreated) values (100000, '6/15/2018');
insert into Wallet (Balance, DateCreated) values (100000, '9/23/2017');
insert into Wallet (Balance, DateCreated) values (100000, '12/30/2017');
insert into Wallet (Balance, DateCreated) values (100000, '7/2/2018');
insert into Wallet (Balance, DateCreated) values (100000, '2/18/2018');
insert into Wallet (Balance, DateCreated) values (100000, '4/30/2018');
insert into Wallet (Balance, DateCreated) values (100000, '1/13/2018');
insert into Wallet (Balance, DateCreated) values (100000, '6/2/2018');
insert into Wallet (Balance, DateCreated) values (100000, '2/18/2018');
insert into Wallet (Balance, DateCreated) values (100000, '10/16/2017');
insert into Wallet (Balance, DateCreated) values (100000, '4/7/2018');
insert into Wallet (Balance, DateCreated) values (100000, '9/10/2017');
insert into Wallet (Balance, DateCreated) values (100000, '3/27/2018');
insert into Wallet (Balance, DateCreated) values (100000, '1/2/2018');
insert into Wallet (Balance, DateCreated) values (100000, '3/18/2018');
insert into Wallet (Balance, DateCreated) values (100000, '7/29/2017');
insert into Wallet (Balance, DateCreated) values (100000, '12/2/2017');

insert into Account (AccountName, Password, Email, FullName, RoleNumber, Address, Phone, BOD, WalletID, DateCreated, Status, Type) values ('sarthars0', 'APSC7TB', 'sarthars0@squidoo.com', 'Sukey Arthars', '68016-289', '567 Florence Avenue', '657-343-2857', '5/23/1996', 1, '2/10/2017', 'Actived', 1);
insert into Account (AccountName, Password, Email, FullName, RoleNumber, Address, Phone, BOD, WalletID, DateCreated, Status, Type) values ('akolodziejski1', '8ewlx8v', 'akolodziejski1@ning.com', 'Allayne Kolodziejski', '55714-2261', '780 Bobwhite Plaza', '966-562-4651', '10/10/1998', 2, '11/16/2016', 'Actived', 1);
insert into Account (AccountName, Password, Email, FullName, RoleNumber, Address, Phone, BOD, WalletID, DateCreated, Status, Type) values ('fasling2', 'kADFyIgd', 'fasling2@chronoengine.com', 'Ferris Asling', '0006-0266', '728 Di Loreto Avenue', '172-717-5172', '1/22/1997', 3, '7/11/2017', 'Actived', 1);
insert into Account (AccountName, Password, Email, FullName, RoleNumber, Address, Phone, BOD, WalletID, DateCreated, Status, Type) values ('tgleadle3', '6PVkjY', 'tgleadle3@sfgate.com', 'Talbert Gleadle', '50458-192', '820 Cottonwood Circle', '770-214-8666', '3/4/1993', 4, '5/2/2017', 'Actived', 1);
insert into Account (AccountName, Password, Email, FullName, RoleNumber, Address, Phone, BOD, WalletID, DateCreated, Status, Type) values ('aboykett4', 'A7bNh6VtML47', 'aboykett4@meetup.com', 'Antonino Boykett', '52959-984', '4 Hudson Avenue', '782-825-3415', '10/27/1990', 5, '8/18/2016', 'Actived', 1);
insert into Account (AccountName, Password, Email, FullName, RoleNumber, Address, Phone, BOD, WalletID, DateCreated, Status, Type) values ('mdevaney5', 'nuwXVv', 'mdevaney5@bravesites.com', 'Manolo Devaney', '54973-0613', '67551 Vera Lane', '455-196-1133', '12/17/1999', 6, '3/22/2017', 'Actived', 1);
insert into Account (AccountName, Password, Email, FullName, RoleNumber, Address, Phone, BOD, WalletID, DateCreated, Status, Type) values ('tspeenden6', 'i0cL2Zl', 'tspeenden6@utexas.edu', 'Twyla Speenden', '55154-6328', '193 Hanover Drive', '925-160-3727', '3/2/1995', 7, '1/10/2017', 'Actived', 1);
insert into Account (AccountName, Password, Email, FullName, RoleNumber, Address, Phone, BOD, WalletID, DateCreated, Status, Type) values ('veveral7', 'Qs2HNn', 'veveral7@wikimedia.org', 'Vilhelmina Everal', '0031-8698', '246 Havey Way', '547-876-6238', '7/2/1993', 8, '12/8/2016', 'Actived', 1);
insert into Account (AccountName, Password, Email, FullName, RoleNumber, Address, Phone, BOD, WalletID, DateCreated, Status, Type) values ('stackle8', 'OduSjk', 'stackle8@hugedomains.com', 'Sapphire Tackle', '67544-142', '3092 Nelson Parkway', '608-468-9370', '10/3/1991', 9, '7/16/2016', 'Actived', 1);
insert into Account (AccountName, Password, Email, FullName, RoleNumber, Address, Phone, BOD, WalletID, DateCreated, Status, Type) values ('twasson9', 'ZnbLA4HMgL', 'twasson9@nsw.gov.au', 'Theodor Wasson', '0310-7820', '2 Sutteridge Circle', '525-817-9588', '11/8/1995', 10, '3/31/2017', 'Actived', 1);
insert into Account (AccountName, Password, Email, FullName, RoleNumber, Address, Phone, BOD, WalletID, DateCreated, Status, Type) values ('jcatheralla', 'cnziVTln', 'jcatheralla@guardian.co.uk', 'Julius Catherall', '63148-558', '13690 Mockingbird Plaza', '669-175-7495', '5/15/1991', 11, '2/18/2017', 'Actived', 1);
insert into Account (AccountName, Password, Email, FullName, RoleNumber, Address, Phone, BOD, WalletID, DateCreated, Status, Type) values ('bgringleyb', 'pk0lE3H', 'bgringleyb@hibu.com', 'Bengt Gringley', '43353-663', '39029 Cambridge Point', '132-545-5250', '5/9/1997', 12, '8/12/2016', 'Actived', 1);
insert into Account (AccountName, Password, Email, FullName, RoleNumber, Address, Phone, BOD, WalletID, DateCreated, Status, Type) values ('kmillgatec', 'ejjpa3B7bL', 'kmillgatec@booking.com', 'Ken Millgate', '11673-215', '353 Atwood Point', '563-414-4077', '2/12/1991', 13, '2/4/2017', 'Actived', 1);
insert into Account (AccountName, Password, Email, FullName, RoleNumber, Address, Phone, BOD, WalletID, DateCreated, Status, Type) values ('sleighd', 'd79DciNmGTY', 'sleighd@privacy.gov.au', 'Sisely Leigh', '76340-1301', '399 Di Loreto Junction', '255-886-3050', '1/5/1998', 14, '10/4/2016', 'Actived', 1);
insert into Account (AccountName, Password, Email, FullName, RoleNumber, Address, Phone, BOD, WalletID, DateCreated, Status, Type) values ('bmartyne', '5MnDVcw0n', 'bmartyne@blogspot.com', 'Brandon Martyn', '64679-941', '767 Bartillon Place', '182-248-7749', '2/4/1993', 15, '8/8/2016', 'Actived', 1);
insert into Account (AccountName, Password, Email, FullName, Address, Phone, BOD, WalletID, DateCreated, Status, Type) values ('pseward0', 'bByoKlPvfd', 'pseward0@google.com.br', 'Pebrook Seward', '84219 Service Alley', '820-525-2706', '1/27/1998', 16, '8/19/2016', 'Actived', 2);
insert into Account (AccountName, Password, Email, FullName, Address, Phone, BOD, WalletID, DateCreated, Status, Type) values ('wtudbald1', 'A6WqieHcM', 'wtudbald1@alibaba.com', 'Winnah Tudbald', '6621 Vidon Court', '701-335-4988', '10/1/1994', 17, '9/1/2016', 'Actived', 2);
insert into Account (AccountName, Password, Email, FullName, Address, Phone, BOD, WalletID, DateCreated, Status, Type) values ('twilber2', '8og1jt', 'twilber2@sitemeter.com', 'Tiffany Wilber', '0 Independence Way', '437-698-2933', '1/30/1994', 18, '10/16/2016', 'Actived', 2);
insert into Account (AccountName, Password, Email, FullName, Address, Phone, BOD, WalletID, DateCreated, Status, Type) values ('hclemas3', 'gY2CgmE4Y0', 'hclemas3@icio.us', 'Helge Clemas', '54613 Hoepker Circle', '416-690-6360', '9/27/1997', 19, '12/25/2016', 'Actived', 2);
insert into Account (AccountName, Password, Email, FullName, Address, Phone, BOD, WalletID, DateCreated, Status, Type) values ('pscruby0', 'YkQIF0B', 'pscruby0@amazon.co.jp', 'Parrnell Scruby', '9173 Straubel Point', '432-279-2055', '1/25/1991', 20, '3/25/2017', 'Actived', 3);

insert into Service (ServiceName, ProviderName, Detail, DateCreated, Status, Picture) values ('Veribet', 'pseward0', 'enable intuitive niches', '1/22/2017', 'Actived', '../src/image/1.png');
insert into Service (ServiceName, ProviderName, Detail, DateCreated, Status, Picture) values ('Stim', 'wtudbald1', 'enhance cutting-edge vortals', '10/17/2016', 'Actived', '../src/image/1.png');
insert into Service (ServiceName, ProviderName, Detail, DateCreated, Status, Picture) values ('Regrant', 'twilber2', 'productize bleeding-edge deliverables', '12/9/2016', 'Actived', '../src/image/1.png');
insert into Service (ServiceName, ProviderName, Detail, DateCreated, Status, Picture) values ('Sonsing', 'hclemas3', 'evolve sticky experiences', '5/4/2017', 'Actived', '../src/image/1.png');

insert into Product (ProductName, ServiceID, ProviderName, Quantity, Price, Unit, Description) values ('Hydrate', 1, 'pseward0', 3, 4932, 'piece', 'e-enable B2B e-tailers');
insert into Product (ProductName, ServiceID, ProviderName, Quantity, Price, Unit, Description) values ('Pollens', 2, 'wtudbald1', 44, 6909, 'piece', 'scale 24/7 metrics');
insert into Product (ProductName, ServiceID, ProviderName, Quantity, Price, Unit, Description) values ('Nitro-Time', 3, 'twilber2', 7, 5990, 'piece', 'matrix intuitive bandwidth');
insert into Product (ProductName, ServiceID, ProviderName, Quantity, Price, Unit, Description) values ('antacid', 4, 'hclemas3', 67, 3409, 'piece', 'syndicate scalable e-tailers');
insert into Product (ProductName, ServiceID, ProviderName, Quantity, Price, Unit, Description) values ('Brintellix', 1, 'pseward0', 37, 2374, 'piece', 'scale B2B bandwidth');
insert into Product (ProductName, ServiceID, ProviderName, Quantity, Price, Unit, Description) values ('MP', 2, 'wtudbald1', 73, 2114, 'piece', 'utilize one-to-one platforms');
insert into Product (ProductName, ServiceID, ProviderName, Quantity, Price, Unit, Description) values ('Garden Plants', 3, 'twilber2', 96, 8538, 'piece', 'benchmark intuitive infomediaries');
insert into Product (ProductName, ServiceID, ProviderName, Quantity, Price, Unit, Description) values ('Tolterodine Tartrate', 4, 'hclemas3', 31, 9386, 'piece', 'visualize compelling infrastructures');
insert into Product (ProductName, ServiceID, ProviderName, Quantity, Price, Unit, Description) values ('Illusion Tinted Moisturizer Broad Spectrum Shell', 1, 'pseward0', 27, 6115, 'piece', 'optimize robust supply-chains');
insert into Product (ProductName, ServiceID, ProviderName, Quantity, Price, Unit, Description) values ('up and up acid controller complete', 2, 'wtudbald1', 5, 5514, 'piece', 'streamline impactful experiences');
insert into Product (ProductName, ServiceID, ProviderName, Quantity, Price, Unit, Description) values ('Midodrine Hydrochloride', 3, 'twilber2', 64, 7402, 'piece', 'seize efficient synergies');
insert into Product (ProductName, ServiceID, ProviderName, Quantity, Price, Unit, Description) values ('footshield plus', 4, 'hclemas3', 55, 8633, 'piece', 'embrace sexy e-commerce');
insert into Product (ProductName, ServiceID, ProviderName, Quantity, Price, Unit, Description) values ('Antiperspirant Sandalwood', 1, 'pseward0', 64, 6966, 'piece', 'envisioneer vertical systems');
insert into Product (ProductName, ServiceID, ProviderName, Quantity, Price, Unit, Description) values ('Nausea', 2, 'wtudbald1', 7, 6458, 'piece', 'seize impactful e-services');
insert into Product (ProductName, ServiceID, ProviderName, Quantity, Price, Unit, Description) values ('Prenatabs FA', 3, 'twilber2', 12, 9108, 'piece', 'embrace front-end convergence');
insert into Product (ProductName, ServiceID, ProviderName, Quantity, Price, Unit, Description) values ('Night Time Cherry', 4, 'hclemas3', 78, 1796, 'piece', 'expedite holistic e-markets');
insert into Product (ProductName, ServiceID, ProviderName, Quantity, Price, Unit, Description) values ('ROPINIROLE HYDROCHLORIDE', 1, 'pseward0', 59, 8199, 'piece', 'matrix bricks-and-clicks e-tailers');
insert into Product (ProductName, ServiceID, ProviderName, Quantity, Price, Unit, Description) values ('Walgreens', 2, 'wtudbald1', 58, 6274, 'piece', 'enhance cross-platform systems');
insert into Product (ProductName, ServiceID, ProviderName, Quantity, Price, Unit, Description) values ('oxygen', 3, 'twilber2', 78, 7876, 'piece', 'architect interactive paradigms');
insert into Product (ProductName, ServiceID, ProviderName, Quantity, Price, Unit, Description) values ('Neomycin and Polymyxin', 4, 'hclemas3', 9, 9788, 'piece', 'productize web-enabled ROI');
